event_id,id
1,AL012000
2,AL022000
3,AL032000
4,AL042000
5,AL052000
6,AL062000
7,AL072000
8,AL082000
9,AL092000
10,AL102000
11,AL112000
12,AL122000
13,AL132000
14,AL142000
15,AL152000
16,AL162000
17,AL172000
18,AL182000
19,AL192000
20,AL012001
21,AL022001
22,AL032001
23,AL042001
24,AL052001
25,AL062001
26,AL072001
27,AL082001
28,AL092001
29,AL102001
30,AL112001
31,AL122001
32,AL132001
33,AL142001
34,AL152001
35,AL162001
36,AL172001
37,AL012002
38,AL022002
39,AL032002
40,AL042002
41,AL052002
42,AL062002
43,AL072002
44,AL082002
45,AL092002
46,AL102002
47,AL112002
48,AL122002
49,AL132002
50,AL142002
51,AL012003
52,AL022003
53,AL032003
54,AL042003
55,AL052003
56,AL062003
57,AL072003
58,AL082003
59,AL092003
60,AL102003
61,AL112003
62,AL122003
63,AL132003
64,AL142003
65,AL152003
66,AL162003
67,AL172003
68,AL182003
69,AL192003
70,AL202003
71,AL212003
72,AL012004
73,AL022004
74,AL032004
75,AL042004
76,AL052004
77,AL062004
78,AL072004
79,AL082004
80,AL092004
81,AL102004
82,AL112004
83,AL122004
84,AL132004
85,AL142004
86,AL152004
87,AL162004
88,AL012005
89,AL022005
90,AL032005
91,AL042005
92,AL052005
93,AL062005
94,AL072005
95,AL082005
96,AL092005
97,AL102005
98,AL112005
99,AL122005
100,AL132005
101,AL142005
102,AL152005
103,AL162005
104,AL172005
105,AL182005
106,AL192005
107,AL202005
108,AL212005
109,AL222005
110,AL232005
111,AL242005
112,AL252005
113,AL262005
114,AL272005
115,AL282005
116,AL292005
117,AL302005
118,AL312005
119,AL012006
120,AL022006
121,AL032006
122,AL042006
123,AL052006
124,AL062006
125,AL072006
126,AL082006
127,AL092006
128,AL102006
129,AL012007
130,AL022007
131,AL032007
132,AL042007
133,AL052007
134,AL062007
135,AL072007
136,AL082007
137,AL092007
138,AL102007
139,AL112007
140,AL122007
141,AL132007
142,AL142007
143,AL152007
144,AL162007
145,AL172007
146,AL012008
147,AL022008
148,AL032008
149,AL042008
150,AL052008
151,AL062008
152,AL072008
153,AL082008
154,AL092008
155,AL102008
156,AL112008
157,AL122008
158,AL132008
159,AL142008
160,AL152008
161,AL162008
162,AL172008
163,AL012009
164,AL022009
165,AL032009
166,AL042009
167,AL052009
168,AL062009
169,AL072009
170,AL082009
171,AL092009
172,AL102009
173,AL112009
174,AL012010
175,AL022010
176,AL032010
177,AL042010
178,AL052010
179,AL062010
180,AL072010
181,AL082010
182,AL092010
183,AL102010
184,AL112010
185,AL122010
186,AL132010
187,AL142010
188,AL152010
189,AL162010
190,AL172010
191,AL182010
192,AL192010
193,AL202010
194,AL212010
195,AL012011
196,AL022011
197,AL032011
198,AL042011
199,AL052011
200,AL062011
201,AL072011
202,AL082011
203,AL092011
204,AL102011
205,AL112011
206,AL122011
207,AL202011
208,AL132011
209,AL142011
210,AL152011
211,AL162011
212,AL172011
213,AL182011
214,AL192011
215,AL012012
216,AL022012
217,AL032012
218,AL042012
219,AL052012
220,AL062012
221,AL072012
222,AL082012
223,AL092012
224,AL102012
225,AL112012
226,AL122012
227,AL132012
228,AL142012
229,AL152012
230,AL162012
231,AL172012
232,AL182012
233,AL192012
234,AL012013
235,AL022013
236,AL032013
237,AL042013
238,AL052013
239,AL062013
240,AL072013
241,AL082013
242,AL092013
243,AL102013
244,AL112013
245,AL122013
246,AL132013
247,AL142013
248,AL152013
249,AL012014
250,AL022014
251,AL032014
252,AL042014
253,AL052014
254,AL062014
255,AL072014
256,AL082014
257,AL092014
258,AL012015
259,AL022015
260,AL032015
261,AL042015
262,AL052015
263,AL062015
264,AL072015
265,AL082015
266,AL092015
267,AL102015
268,AL112015
269,AL122015
270,AL012016
271,AL022016
272,AL032016
273,AL042016
274,AL052016
275,AL062016
276,AL072016
277,AL082016
278,AL092016
279,AL102016
280,AL112016
281,AL122016
282,AL132016
283,AL142016
284,AL152016
285,AL162016
286,AL012017
287,AL022017
288,AL032017
289,AL042017
290,AL052017
291,AL062017
292,AL072017
293,AL082017
294,AL092017
295,AL112017
296,AL122017
297,AL132017
298,AL142017
299,AL152017
300,AL162017
301,AL172017
302,AL182017
303,AL192017
304,AL012018
305,AL022018
306,AL032018
307,AL042018
308,AL052018
309,AL062018
310,AL072018
311,AL082018
312,AL092018
313,AL102018
314,AL112018
315,AL122018
316,AL132018
317,AL142018
318,AL152018
319,AL162018
320,AL012019
321,AL022019
322,AL032019
323,AL042019
324,AL052019
325,AL062019
326,AL072019
327,AL082019
328,AL092019
329,AL102019
330,AL112019
331,AL122019
332,AL132019
333,AL142019
334,AL152019
335,AL162019
336,AL172019
337,AL182019
338,AL192019
339,AL202019
340,AL012020
341,AL022020
342,AL032020
343,AL042020
344,AL052020
345,AL062020
346,AL072020
347,AL082020
348,AL092020
349,AL102020
350,AL112020
351,AL122020
352,AL132020
353,AL142020
354,AL152020
355,AL162020
356,AL172020
357,AL182020
358,AL192020
359,AL202020
360,AL212020
361,AL222020
362,AL232020
363,AL242020
364,AL252020
365,AL262020
366,AL272020
367,AL282020
368,AL292020
369,AL302020
370,AL312020
